abducens nucleus,nucleus of abducens nerve
abducens nucleus,Nucleus nervi abducentis
abducens nucleus,Nucleus nervi abducentis
abducens nucleus,Nucleus abducens
abducens nucleus,abducens nuclei
abducens nucleus,abducens nerve nucleus
agnosia,agnosic
altruism,altruistic
Alzheimer's disease,Alzheimer's
amygdala,nucleus amygdalae
amygdala,Corpus amygdaloideum
amygdala,Corpus amygdalae
amygdala,archistriatum
amygdala,amygdaloid nucleus
amygdala,amygdaloid nuclear groups
amygdala,amygdaloid nuclear complex
amygdala,amygdaloid body
amygdala,amygdalar
amygdala,amygdalae
analogical problem solving,analogy problem solving
analogical reasoning,analogy reasoning
angular gyrus,preoccipital gyrus
angular gyrus,prelunate gyrus
angular gyrus,middle part of inferior parietal lobule
angular gyrus,Gyrus parietalis inferior
angular gyrus,Gyrus angularis
angular gyrus,angular gyri
anhedonia,anhedonic
anorexia,anorexic
anterior cingulate gyrus,Gyrus limbicus anterior
anterior cingulate gyrus,Gyrus cinguli anterior
anterior cingulate gyrus,Cortex cingularis anterior
anterior cingulate gyrus,anterior cingulate gyri
anterior cingulate gyrus,anterior cingulate
anterior olfactory nucleus,retrobulbar region
anterior olfactory nucleus,Regio retrobulbaris
anterior olfactory nucleus,Nucleus olfactorius anterior
anterior olfactory nucleus,Area retrobulbaris
anterior olfactory nucleus,anterior olfactory nuclei
anticipation,anticipatory
antisaccade,antisaccading
antisaccade,antisaccades
antisocial personality disorder,antisocial personality
aphasia,aphasic
apperception,apperceptive
apraxia,apraxic
association learning,associative learning
ataxia,ataxic
attention deficit hyperactivity disorder,attention deficit disorder
attention deficit hyperactivity disorder,ADHD
attention deficit hyperactivity disorder,ADD
attentional capacity,attention capacity
attentional shifting,attentional shifts
attentional shifting,attentional shift
attentional shifting,attention shifts
attentional shifting,attention shifting
attentional span,attention span
auditory memory,auditory memories
auditory working memory,auditory working memories
autism,autistic
autobiographical memory,autobiographical memories
basal forebrain nucleus,nucleus of substantia innominata
basal forebrain nucleus,nucleus basalis of Meynert
basal forebrain nucleus,Nucleus basalis Meynert
basal forebrain nucleus,Nucleus basalis
basal forebrain nucleus,ganglion of Meynert
basal forebrain nucleus,basal nucleus of Meynert
basal forebrain nucleus,basal nucleus
basal forebrain nucleus,basal nuclei of Meynert
basal forebrain nucleus,basal nuclei
basal forebrain nucleus,basal magnocellular nucleus
basal forebrain nucleus,basal forebrain nuclei
basal ganglia,telencephalic nuclei
basal ganglia,subcortical gray
basal ganglia,Nuclei basales
basal ganglia,Ganglia basales
basal ganglia,deep nuclear gray of hemisphere
basal ganglia,corpus striatum
basal ganglia,basal nuclei
basal nucleus of the amygdala,Nucleus basalis amygdalae
basal nucleus of the amygdala,Nucleus amygdaloideus basolateralis
basal nucleus of the amygdala,Nucleus amygdaloideus basalis
basal nucleus of the amygdala,Nucleus amygdalae basalis
basal nucleus of the amygdala,intermediate principal nucleus
basal nucleus of the amygdala,basolateral nucleus of amygdala
basal nucleus of the amygdala,basolateral amygdaloid nucleus
basal nucleus of the amygdala,basal nuclei of the amygdala
basal nucleus of the amygdala,basal amygdaloid nucleus
basal nucleus of the amygdala,basal amygdaloid nuclei
behavioral inhibition,behavioural inhibition
bipolar disorder,manic depressive
bipolar disorder,manic depression
borderline personality disorder,borderline personality
Broca's aphasia,Broca's aphasic
Broca's area,motor speech area of Broca
Broca's area,convolution of Broca
Broca's area,Broca's speech area
Broca's area,area of Broca
Broca's area,anterior speech cortex
bulimia,bulimic
calcarine sulcus,Sulcus calcarinus
calcarine sulcus,Sulcus calcarinus
calcarine sulcus,Fissura calcarina
calcarine sulcus,calcarine sulci
calcarine sulcus,calcarine fissure
caudate nucleus,Nucleus caudatus
caudate nucleus,Caudatus
caudate nucleus,caudate nuclei
centromedian nucleus,Nucleus centrum medianum
centromedian nucleus,Nucleus centromedianus thalami
centromedian nucleus,Nucleus centromedianus
centromedian nucleus,Nucleus centri mediani thalami
centromedian nucleus,Nucleus centralis thalami
centromedian nucleus,Nucleus centralis centralis
centromedian nucleus,Centrum medianum thalami
centromedian nucleus,Centrum medianum
centromedian nucleus,centromedian thalamic nucleus
centromedian nucleus,centromedian nuclei
centromedian nucleus,centre median nucleus
centromedian nucleus,central magnocellular nucleus of thalamus
cerebellum,epencephalon
cerebellum,Corpus cerebelli
cerebellum,Cerebellar
cingulate gyrus,upper limbic gyrus
cingulate gyrus,Gyrus cinguli
cingulate gyrus,Gyrus cingulatus
cingulate gyrus,Gyri cinguli
cingulate gyrus,cingulate region
cingulate gyrus,cingulate gyri
cingulate gyrus,cingulate area
cingulate gyrus,cingular gyrus
cingulate gyrus,callosomarginal gyrus
cochlear nuclei,Nuclei cochleares
cochlear nuclei,cochlear nucleus
cognitive map,cognitive maps
color discrimination,colour discrimination
color perception,colour perception
coma,comatose
context memory,context memories
Creutzfeldt-Jakob disease,Creutzfeldt-Jakob
cuneate nucleus of the medulla,Nucleus restiformis
cuneate nucleus of the medulla,Nucleus cuneatus medialis
cuneate nucleus of the medulla,Nucleus cuneatus
cuneate nucleus of the medulla,cuneate nucleus
cuneate nucleus of the medulla,cuneate nucleus
cuneate nucleus of the medulla,cuneate nuclei
cuneate nucleus of the medulla,Burdach's nucleus
Dandy-Walker syndrome,Dandy-Walker
deception,decieving
declarative memory,declarative memories
dementia,demented
dentate gyrus,Gyrus dentatus
dentate gyrus,Fascia dentata hippocampi
dentate gyrus,Fascia dentata
dentate gyrus,dentate gyri
dentate gyrus,area dentata
dentate nucleus,Nucleus lateralis cerebelli
dentate nucleus,Nucleus dentatus cerebelli
dentate nucleus,Nucleus dentatus
dentate nucleus,lateral nucleus of cerebellum
dentate nucleus,dentate nuclei
depression,depressive
diagonal band,Stria diagonalis
diagonal band,olfactory radiations of Zuckerkandl
diagonal band,olfactory fasciculus
diagonal band,gyrus diagonalis rhinencephli
diagonal band,Gyrus diagonalis
diagonal band,Fasciculus septo-amygdalicus
diagonal band,Fasciculus olfactorius hippocampi
diagonal band,Fasciculus olfactorius cornu Ammonis
diagonal band,Fasciculus olfactorius
diagonal band,Fasciculus diagonalis Brocae
diagonal band,diagonal gyrus
diagonal band,diagonal bands
diagonal band,diagonal band of Broca
diagonal band,Broca's diagonal gyrus
diagonal band,Bandeletta diagonalis
diffusion tensor imaging,tractography
diffusion tensor imaging,fractional anisotropy
diffusion tensor imaging,DTI
diffusion tensor imaging,diffusion weighted imaging
diffusion tensor imaging,diffusion weighted
diffusion tensor imaging,diffusion tensor
dorsal motor nucleus of the vagus nerve,Nucleus vagalis dorsalis
dorsal motor nucleus of the vagus nerve,Nucleus dorsalis nervi vagi
dorsal motor nucleus of the vagus nerve,Nucleus dorsalis motorius nervi vagi
dorsal motor nucleus of the vagus nerve,Nucleus alaris
dorsal motor nucleus of the vagus nerve,dorsal vagal nucleus
dorsal motor nucleus of the vagus nerve,dorsal nucleus of vagus nerve
dorsal motor nucleus of the vagus nerve,dorsal motor nucleus
dorsal motor nucleus of the vagus nerve,dorsal motor nuclei
dorsal motor nucleus of the vagus nerve,dorsal efferent nucleus of vagus
dorsomedial nucleus of the hypothalamus,Nucleus hypothalamicus dorsomedialis
dorsomedial nucleus of the hypothalamus,Nucleus dorsomedialis hypothalami
dorsomedial nucleus of the hypothalamus,dorsomedial nucleus of hypothalamus
dorsomedial nucleus of the hypothalamus,dorsomedial nucleus
dorsomedial nucleus of the hypothalamus,dorsomedial hypothalamic nucleus
dysgraphia,dysgraphic
dyslexia,dyslexic
dyspraxia,dyspraxic
electroencephalography,iEEG
electroencephalography,electroencephalographic
electroencephalography,electroencephalogram
electroencephalography,EEG
electroencephalography,ECoG
emboliform nucleus,Nucleus interpositus anterior cerebelli
emboliform nucleus,Nucleus emboliformis cerebelli
emboliform nucleus,Nucleus emboliformis
emboliform nucleus,emboliform nuclei
emboliform nucleus,anterior interpositus nucleus
emboliform nucleus,anterior interposed nucleus
emotional memory,emotional memories
emotional memory,emotion memory
emotional memory,emotion memories
emotional perception,emotional perceptions
emotional perception,emotion perceptions
emotional perception,emotion perception
emotional recognition,emotion recognition
emotional suppression,emotion suppression
empathy,empathic
entorhinal area,secondary olfactory cortical area
entorhinal area,secondary olfactory cortex
entorhinal area,entorhinal cortices
entorhinal area,entorhinal cortex
entorhinal area,entorhinal
entorhinal area,Cortex entorhinalis
entorhinal area,Area entorhinalis ventralis et dorsalis
entorhinal area,Area entorhinalis
epilepsy,epileptic
episodic memory,episodic memories
executive function,executive functions
explicit memory,explicit memories
eye movement,eye movements
facial nucleus,Nucleus nervi facialis
facial nucleus,Nucleus facialis
facial nucleus,motor nucleus of VII
facial nucleus,facial nuclei
facial nucleus,facial motor nucleus
facial nucleus,facial motor nuclei
facial nucleus,branchiomotor nucleus of facial nerve
fastigial nucleus,roof nucleus
fastigial nucleus,Nucleus motorius tecti cerebelli
fastigial nucleus,Nucleus fastigius cerebelli
fastigial nucleus,Nucleus fastigii cerebelli
fastigial nucleus,Nucleus fastigii
fastigial nucleus,Nucleus fastigiatus
fastigial nucleus,medial nucleus of cerebellum
fastigial nucleus,fastigial nuclei
form perception,form perceptions
frontal eye field,voluntary eye field
frontal eye field,frontal motor eye field
frontal eye field,frontal lobe eye field
frontal eye field,frontal gaze center
frontal eye field,frontal eye fields
functional magnetic resonance imaging,functional magnetic resonance
functional magnetic resonance imaging,fMRI
fusiform gyrus,occipitotemporal gyrus
fusiform gyrus,occipitotemporal gyri
fusiform gyrus,lateral occipito-temporal gyrus
fusiform gyrus,Gyrus occipitotemporalis lateralis
fusiform gyrus,Gyrus occipito-temporalis lateralis
fusiform gyrus,Gyrus fusiformis
fusiform gyrus,Gyrus fusiformis
fusiform gyrus,fusiform gyri
globose nucleus,posterior interpositus nucleus
globose nucleus,posterior interposed nucleus
globose nucleus,Nucleus interpositus posterior cerebelli
globose nucleus,Nucleus globosus cerebelli
globose nucleus,Nucleus globosus
globose nucleus,Nuclei globosi
globose nucleus,globose nuclei
globus pallidus,pallidum
globus pallidus,paleostriatum
globus pallidus,Nucleus pallidus
gracile nucleus of the medulla,Nucleus gracilis
gracile nucleus of the medulla,gracile nucleus
gracile nucleus of the medulla,gracile nuclei
gracile nucleus of the medulla,Goll's nucleus
gustatory area,gustatory cortices
gustatory area,gustatory cortex
gustatory memory,gustatory memories
habenula,Nucleus habenularis
habenula,Nucleus habenulae
habenula,Nuclei habenulares
habenula,habenular nuclei
habenula,habenular
habenula,habenulae
habenula,Habenula complex
habenula,Ganglion interpedunculare
habenula,Ganglion intercrurale
habenula,Ganglion habenulae
habit memory,habit memories
hallucination,hallucinatory
hallucination,hallucinations
happiness,happy
hedonism,hedonic
hippocampus,hippocampuses
hippocampus,hippocampus proper
hippocampus,hippocampus major
hippocampus,Hippocampi
hippocampus,Hippocampal
hippocampus,Cornu ammonis
hippocampus,Ammon's horn
humiliation,humiliated
humiliation,humiliate
humor,comedy
Huntington's disease,Huntington's
hypothalamus,preoptico-hypothalamic region
hypothalamus,preoptico-hypothalamic area
hypothalamus,hypothalamuses
hypothalamus,hypothalamic
hypothalamus,Hypothalami
iconic memory,iconic memories
implicit memory,implicit memories
inattention,inattentive
indusium griseum,gray stria of Lancisi
inferior colliculus,posterior corpus quadrigeminum
inferior colliculus,posterior colliculus
inferior colliculus,inferior colliculi
inferior colliculus,Corpus bigeminum posterioris
inferior colliculus,Corpus bigeminalis caudalis
inferior colliculus,Colliculus inferior
inferior colliculus,Colliculus caudalis
inferior colliculus,caudal colliculus
inferior frontal gyrus,Regio subfrontalis
inferior frontal gyrus,inferior frontal gyri
inferior frontal gyrus,inferior frontal convolution
inferior frontal gyrus,inferior frontal
inferior frontal gyrus,Gyrus frontalis tertius
inferior frontal gyrus,Gyrus frontalis inferior
inferior olive,olivary eminence
inferior olive,inferior olives
inferior olive,inferior olivary eminence
inferior parietal lobule,Lobulus parietalis inferior
inferior parietal lobule,inferior portion of parietal gyrus
inferior parietal lobule,inferior parietal lobules
inferior parietal lobule,inferior parietal gyrus
inferior parietal lobule,inferior parietal gyri
inferior salivatory nucleus,Nucleus salivatorius inferior
inferior salivatory nucleus,Nucleus salivatorius caudalis
inferior salivatory nucleus,Nucleus salivarius inferior
inferior salivatory nucleus,inferior salivatory nuclei
inferior temporal gyrus,lateral occipitotemporal gyrus
inferior temporal gyrus,inferior temporal gyri
inferior temporal gyrus,Gyrus temporalis inferior
insula,Lobus insularis
insula,island of Reil
insula,Insulas
insula,insular lobe
insula,insular gyrus
insula,insular cortex
insula,insular
insula,insulae
insula,Insula Reilii
insula,insula lobule
insula,insula cerebri
insula,cortex of island
insula,Cortex insularis
interstitial nucleus of Cajal,Nucleus interstitialis Cajal
interstitial nucleus of Cajal,interstitial nucleus of medial longitudinal fasciculus
interstitial nucleus of Cajal,interstitial nuclei of Cajal
intralaminar nuclear group,Nuclei intralaminares
intralaminar nuclear group,nonspecific thalamic
intralaminar nuclear group,intralaminar thalamic nuclei
intralaminar nuclear group,intralaminar nuclei of thalamus
intralaminar nuclear group,intralaminar nuclei
introspection,introspective
kinesthesia,kinesthetic
Kluver-Bucy syndrome,Kluver-Bucy
lateral geniculate nucleus,Nucleus geniculatus lateralis dorsalis
lateral geniculate nucleus,Nucleus corporis geniculati lateralis
lateral geniculate nucleus,lateral geniculate nuclei
lateral geniculate nucleus,lateral geniculate body
lateral geniculate nucleus,lateral geniculate bodies
lateral geniculate nucleus,dorsal nucleus of lateral geniculate body
lateral geniculate nucleus,dorsal nuclei of lateral geniculate body
lateral geniculate nucleus,dorsal lateral geniculate nucleus
lateral geniculate nucleus,Corpus geniculatum laterale
lingual gyrus,medial occipitotemporal gyrus
lingual gyrus,lingula of cerebral hemisphere
lingual gyrus,lingual gyri
lingual gyrus,Gyrus occipitotemporalis medialis
lingual gyrus,Gyrus lingualis
locus ceruleus,Substantia ferruginea
locus ceruleus,Nucleus pigmentosus pontis
locus ceruleus,nucleus of locus caeruleus
locus ceruleus,Locus coeruleus
locus ceruleus,Locus caeruleus
locus ceruleus,Locus caeruleus
long term memory,long term memories
Lou Gehrig's disease,amyotrophic lateral sclerosis
magnetoencephalography,MEG
magnetoencephalography,magnetoencephalographic
magnetoencephalography,magnetoencephalogram
mammillary body,mammillary bodies
mammillary body,mamillary body
mammillary body,Corpus mammillare
mammillary body,Corpus mamillaris
mammillary body,Corpus mamillare
mammillary body,Corpora mammillaria
mammillary body,Corpora mamillaria
medial dorsal nucleus,Nucleus thalamicus mediodorsalis
medial dorsal nucleus,Nucleus mediodorsalis thalami
medial dorsal nucleus,Nucleus medialis dorsalis thalami
medial dorsal nucleus,Nucleus medialis dorsalis
medial dorsal nucleus,Nucleus dorsomedialis thalami
medial dorsal nucleus,Nuclei mediales thalami
medial dorsal nucleus,mediodorsal thalamic nucleus
medial dorsal nucleus,mediodorsal nucleus
medial dorsal nucleus,mediodorsal nuclei
medial dorsal nucleus,medial thalamic nucleus
medial dorsal nucleus,medial thalamic nuclei
medial dorsal nucleus,medial nuclear group
medial dorsal nucleus,medial dorsal thalamic nucleus
medial dorsal nucleus,medial dorsal nuclei
medial dorsal nucleus,dorsomedial nucleus
medial dorsal nucleus,dorsomedial nuclei
medial dorsal nucleus,dorsomedial nuclear group
medial dorsal nucleus,dorsal medial nucleus of thalamus
medial frontal gyrus,medial frontal gyri
medial frontal gyrus,Gyrus frontalis superior pars medialis
medial frontal gyrus,Gyrus frontalis medialis
medial geniculate body,Nucleus geniculatus medialis
medial geniculate body,Nucleus corporis geniculati medialis
medial geniculate body,medial geniculate nucleus
medial geniculate body,medial geniculate nuclei
medial geniculate body,medial geniculate bodies
medial geniculate body,Corpus geniculatus medialis
medial geniculate body,Corpus geniculatum mediale
medial parietal gyrus,medial parietal gyri
medial parietal gyrus,Gyrus parietalis medialis
medial prefrontal cortex,medial prefrontal cortices
medulla,medulla oblongata
memory trace,memory traces
mental arithmetic,mental math
mesencephalic nucleus of the trigeminal nerve,Nucleus tractus mesencephalicus nervi trigemini
mesencephalic nucleus of the trigeminal nerve,Nucleus tractus mesencephalici nervi trigemini
mesencephalic nucleus of the trigeminal nerve,Nucleus tractus mesencephalici nervi trigemini
mesencephalic nucleus of the trigeminal nerve,Nucleus  mesencephalicus nervi trigeminalis
mesencephalic nucleus of the trigeminal nerve,mesencephalic nucleus
metacognition,metacognitive
metamemory,metamemories
metaphor,metaphors
middle frontal gyrus,middle frontal gyri
middle frontal gyrus,intermediate frontal gyrus
middle frontal gyrus,Gyrus frontalis secundus
middle frontal gyrus,Gyrus frontalis medius
middle frontal gyrus,Gyrus frontalis medialis
middle temporal gyrus,middle temporal gyri
middle temporal gyrus,intermediate temporal gyrus
middle temporal gyrus,Gyrus temporalis medius
migraine,migraines
narcolepsy,narcoleptic
nondeclarative memory,nondeclarative memories
nucleus accumbens,Nucleus accumbens septi
nucleus accumbens,colliculus of caudate nucleus
nucleus accumbens,Colliculus nuclei caudati
nucleus accumbens,accumbens nucleus
nucleus accumbens,accumbens nuclei
nucleus ambiguus,Nucleus innominatus
nucleus ambiguus,ambiguus nucleus
nucleus ambiguus,ambiguus nuclei
obsessive compulsive disorder,OCD
obsessive compulsive disorder,obsessive compulsive
oculomotor nuclear complex,oculomotor nucleus
oculomotor nuclear complex,oculomotor nuclei
oculomotor nuclear complex,nucleus of oculomotor nerve
oculomotor nuclear complex,Nucleus oculomotorius
oculomotor nuclear complex,Nucleus nervi oculomotorii
olfactory bulb,Bulbus olfactorius
operculum,posterior part of inferior frontal gyrus
operculum,Pars posterior of inferior frontal gyrus
operculum,Pars opercularis gyri frontalis inferioris
operculum,opercular portion of inferior frontal gyrus
orbital gyri,orbitofrontal region
orbital gyri,orbitofrontal gyrus
orbital gyri,orbitofrontal gyri
orbital gyri,orbitofrontal cortices
orbital gyri,orbitofrontal cortex
orbital gyri,orbital cortices
orbital gyri,orbital cortex
orbital gyri,orbital area
orbital gyri,Gyrus orbitofrontalis
orbital gyri,gyrus orbitalis longitudinalis
orbital gyri,Gyrus orbitalis
orbital gyri,Gyri orbitales
orbital gyri,Cortex orbitofrontalis
parahippocampal gyrus,parahippocampal gyri
parahippocampal gyrus,hippocampal gyrus
parahippocampal gyrus,hippocampal gyri
parahippocampal gyrus,Gyrus parahippocampi
parahippocampal gyrus,Gyrus parahippocampalis
parahippocampal gyrus,Gyrus hippocampi
Parkinson's disease,Parkinson's
periaqueductal,periaqueductal grey
periaqueductal,periaqueductal gray
perirhinal area,perirhinal cortices
perirhinal area,perirhinal cortex
perirhinal area,Area perirhinalis
perirhinal area,Area perirhinalis
periventricular nucleus,periventricular nuclei
pineal body,pineal gland
pineal body,Glandula pinealis
pineal body,Epiphysis cerebri
pineal body,Epiphysis
pineal body,Corpus pineale
pineal body,Corpus pineale
pineal body,Conarium
pons,Pons Varolii
pons,pons cerebri
pontine nuclei,Nucleus pontis
pontine nuclei,Nuclei pontis
pontine nuclei,Nuclei brachii pontis
positron emission tomography,SPECT
positron emission tomography,single photon emission computed tomography
positron emission tomography,PET
post-traumatic stress disorder,PTSD
post-traumatic stress disorder,post-traumatic stress
post-traumatic stress disorder,post traumatic stress
postcentral gyrus,postrolandic gyrus
postcentral gyrus,postrolandic gyri
postcentral gyrus,posterior central gyrus
postcentral gyrus,postcentral gyri
postcentral gyrus,PoG
postcentral gyrus,Gyrus postcentralis
postcentral gyrus,Gyrus centralis posterior
posterior cingulate gyrus,posterior cingulate gyri
posterior cingulate gyrus,posterior cingulate
posterior cingulate gyrus,Gyrus limbicus posterior
posterior cingulate gyrus,Gyrus cinguli posterior
posterior nucleus of the hypothalamus,posterior nucleus of hypothalamus
posterior nucleus of the hypothalamus,posterior nucleus
posterior nucleus of the hypothalamus,posterior nuclei
posterior nucleus of the hypothalamus,posterior hypothalamic nucleus
posterior nucleus of the hypothalamus,posterior hypothalamic area
posterior nucleus of the hypothalamus,Nucleus hypothalamicus posterior
posterior nucleus of the hypothalamus,Area posterior hypothalami
posterior nucleus of the hypothalamus,Area hypothalamica posterior
posterior parahippocampal gyrus,posterior parahippocampal gyri
precuneus,quadrate lobule
precuneus,precuneate lobule
precuneus,Praecuneus
prefrontal cortex,prefrontal cortices
premotor cortex,promotor cortex
premotor cortex,premotor cortices
premotor cortex,premotor area
premotor cortex,intermediate precentral cortex
primary auditory area,primary auditory cortices
primary auditory area,primary auditory cortex
primary motor cortex,primary motor cortices
primary motor cortex,primary motor area
primary motor cortex,precentral motor cortex
primary motor cortex,precentral motor area
primary motor cortex,motor strip
primary motor cortex,motor cortices
primary motor cortex,motor cortex
primary motor cortex,motor area
primary somesthetic area,somatosensory strip
primary somesthetic area,somatic afferent area
primary somesthetic area,primary somesthetic cortex
primary somesthetic area,primary somatosensory cortices
primary somesthetic area,primary somatosensory cortex
primary somesthetic area,primary somatic sensory area
primary somesthetic area,postcentral tactile area
primary visual cortex,primary visual cortices
procedural memory,procedural memories
procedural rule,procedural rules
prosopagnosia,prosopagnosic
prospective memory,prospective memories
pulvinar,Pulvinar thalami
pulvinar,pulvinar nucleus
pulvinar,pulvinar nuclei
pulvinar,Nucleus pulvinaris thalami
pulvinar,Nucleus pulvinaris
pulvinar,Nuclei pulvinares
putamen,Nucleus putamen
raphe nuclei,Nucleus raphe
raphe nuclei,Nucleus of the raphe
raphe nuclei,Nuclei raphes
raphe nuclei,Nuclei raphae
recognition memory,recognition memories
red nucleus,red nuclei
red nucleus,Nucleus ruber tegmenti
red nucleus,Nucleus ruber
red nucleus,Nucleus rotundus subthalamo-peduncularis
repressed memory,repressed memories
reticular nucleus of the thalamus,thalamic reticular nucleus
reticular nucleus of the thalamus,thalamic reticular nucleus
reticular nucleus of the thalamus,thalamic reticular nuclei
reticular nucleus of the thalamus,reticular thalamic nucleus
reticular nucleus of the thalamus,reticular thalamic nuclei
reticular nucleus of the thalamus,reticular nuclear group
reticular nucleus of the thalamus,Nucleus thalamicus reticularis
reticular nucleus of the thalamus,Nucleus reticularis thalami
reticular nucleus of the thalamus,Nucleus reticularis
rhyme,rhyming
saccade,saccading
saccade,saccadic
saccade,saccades
schizophrenia,schizophrenic
second auditory area,second auditory cortices
second auditory area,second auditory cortex
secondary somesthetic area,secondary sensory cortices
secondary somesthetic area,secondary sensory cortex
secondary somesthetic area,second somatic sensory area
semantic memory,semantic memories
semantic processing,semantic processes
septum,Septum telencephali
septum,Massa praecommissuralis
short term memory,short term memories
single-unit recording,single-unit
single-unit recording,multi-unit recording
single-unit recording,local field potentials
single-unit recording,local field potential
single-unit recording,LFP
social phobia,social phobic
solitary nucleus,solitary nuclei
solitary nucleus,solitary nuclear complex
solitary nucleus,Nucleus tractus solitarii
solitary nucleus,Nucleus tracti solitarii
solitary nucleus,Nucleus solitarius
solitary nucleus,nucleus of tractus solitarius
solitary nucleus,nucleus of the solitary tract
solitary nucleus,nucleus of solitary tract
solitary nucleus,Nucleus fasciculus solitarius
solitary nucleus,Nuclei tractus solitarii
source memory,source memories
spatial memory,spatial memories
straight gyrus,ventromedial gyrus
straight gyrus,rectus gyrus
straight gyrus,rectal gyrus
straight gyrus,rectal gyri
straight gyrus,medial part of gyri orbitales
straight gyrus,gyrus rectus
stria terminalis,Stria semicircularis
stria terminalis,semicircular stria
stria terminalis,Fibrae striae terminalis
striatum,neostriatum
striatum,Corpus striatum
stroke,strokes
subiculum,subiculum hippocampi
substantia nigra,Nucleus pigmentosus subthalamo-peduncularis
substantia nigra,nucleus of basis pedunculi
subthalamic nucleus,subthalamic nuclei
subthalamic nucleus,Nucleus subthalamicus
subthalamic nucleus,Nucleus subthalamicus
subthalamic nucleus,nucleus of Luys
subthalamic nucleus,Corpus subthalamicum
subthalamic nucleus,Corpus Luysi
subthalamic nucleus,Corpus hypothalamicum
subthalamic nucleus,body of Luys
subthalamic nucleus,body of Forel
superior colliculus,superior colliculi
superior colliculus,optic tectum
superior colliculus,cranial colliculus
superior colliculus,Corpus quadrigeminum superius
superior colliculus,Colliculus superior
superior colliculus,Colliculus superior
superior colliculus,Colliculus rostralis
superior colliculus,Colliculus cranialis
superior colliculus,Colliculus bigeminalis oralis
superior colliculus,anterior corpus quadrigeminum
superior colliculus,anterior colliculus
superior frontal gyrus,superior frontal gyri
superior frontal gyrus,superior frontal convolution
superior frontal gyrus,marginal gyrus
superior frontal gyrus,marginal gyri
superior frontal gyrus,Gyrus frontalis superior
superior frontal gyrus,Gyrus frontalis superior
superior frontal gyrus,Gyrus frontalis primus
superior olive,superior olives
superior olive,superior olivary nucleus
superior olive,superior olivary nuclei
superior olive,Oliva superior
superior olive,Nucleus olivaris superioris
superior olive,Nucleus olivaris superior
superior olive,Nucleus olivaris rostralis
superior olive,Nucleus olivaris metencephali
superior parietal lobule,superior portion of parietal gyrus
superior parietal lobule,superior parietal gyrus
superior parietal lobule,superior parietal gyri
superior parietal lobule,Lobulus parietalis superior
superior parietal lobule,Gyrus parietalis superior
superior salivatory nucleus,superior salivatory nuclei
superior salivatory nucleus,Nucleus salivatorius superior
superior salivatory nucleus,Nucleus salivatorius rostralis
superior salivatory nucleus,Nucleus salivatorius cranialis
superior salivatory nucleus,Nucleus salivarius superior
superior temporal gyrus,superior temporal gyri
superior temporal gyrus,Gyrus temporalis superior
superior temporal gyrus,Gyrus temporalis superior
supplementary motor cortex,supplementary motor cortices
supplementary motor cortex,supplementary motor areas
supplementary motor cortex,supplementary motor area
suprachiasmatic nucleus,suprachiasmatic nuclei
suprachiasmatic nucleus,Nucleus suprachiasmaticus hypothalami
syntactic processing,syntactic processes
Tay-Sachs disease,Tay-Sachs
temporal operculum,supratemporal plane
temporal operculum,Operculum temporale
temporal operculum,facies supratemporalis
temporal pole,Polus temporalis
thalamus,thalamuses
thalamus,thalamus opticus
thalamus,Thalamus dorsalis
thalamus,thalami
thalamus,thalamencephalon
top down processing,top down processes
Tourette syndrome,Tourette's
transcranial magnetic stimulation,transcranial magnetic
transcranial magnetic stimulation,transcranial direct current stimulation
transcranial magnetic stimulation,TMS
transcranial magnetic stimulation,TDCS
transverse temporal gyrus,transverse temporal gyri
transverse temporal gyrus,Heschl's gyrus
transverse temporal gyrus,Heschl's gyri
transverse temporal gyrus,Heschl's convolutions
transverse temporal gyrus,Gyri temporales transversi
transverse temporal gyrus,gyri of Heschl
transverse temporal gyrus,convolutions of Heschl
trapezoid body,trapezoid bodies
trapezoid body,Corpus trapezoideum
trapezoid body,corpus trapezoides
traumatic brain injury,TBI
traumatic memory,traumatic memories
ventral anterior nucleus,ventroanterior thalamic nucleus
ventral anterior nucleus,ventroanterior thalamic nuclei
ventral anterior nucleus,ventral anterior thalamic nucleus
ventral anterior nucleus,ventral anterior thalamic nuclei
ventral anterior nucleus,ventral anterior nuclei
ventral anterior nucleus,Nucleus ventralis thalami anterior
ventral anterior nucleus,Nucleus ventralis anterior thalami
ventral anterior nucleus,Nucleus ventralis anterior
ventral anterior nucleus,Nucleus lateropolaris
ventral posterior nucleus,ventrobasal nucleus
ventral posterior nucleus,ventrobasal nuclei
ventral posterior nucleus,ventrobasal complex
ventral posterior nucleus,ventral posterior thalamic nucleus
ventral posterior nucleus,ventral posterior thalamic nuclei
ventral posterior nucleus,ventral posterior nuclei
ventral posterior nucleus,Nucleus ventralis posterior
ventral posterior nucleus,Nuclei ventrales posteriores
ventral posterolateral nucleus,ventral posterolateral thalamic nucleus
ventral posterolateral nucleus,ventral posterolateral thalamic nuclei
ventral posterolateral nucleus,ventral posterolateral nucleus of thalamus
ventral posterolateral nucleus,ventral posterolateral nuclei
ventral posterolateral nucleus,posterolateral ventral nucleus of thalamus
ventral posterolateral nucleus,Nucleus ventralis thalami posterior lateralis
ventral posterolateral nucleus,Nucleus ventralis posterolateralis thalami
ventral posterolateral nucleus,Nucleus ventralis posterolateralis
ventral posterolateral nucleus,Nucleus ventralis posterior lateralis thalami
ventral posteromedial nucleus,ventral posteromedial nucleus of thalamus
ventral posteromedial nucleus,ventral posteromedial nuclei
ventral posteromedial nucleus,ventral posterior medial nucleus
ventral posteromedial nucleus,ventral posterior medial nuclei
ventral posteromedial nucleus,thalamic gustatory nucleus
ventral posteromedial nucleus,semilunar nucleus
ventral posteromedial nucleus,posteromedial ventral nucleus of thalamus
ventral posteromedial nucleus,Nucleus ventrocaudalis anterior internus
ventral posteromedial nucleus,Nucleus ventralis posteromedialis thalami
ventral posteromedial nucleus,Nucleus ventralis posteromedialis
ventral posteromedial nucleus,Nucleus ventralis posterior medialis thalami
ventral posteromedial nucleus,Nucleus semilunaris thalami
ventral posteromedial nucleus,Nucleus arcuatus thalami
ventral posteromedial nucleus,arcuate nucleus of thalamus
ventral tegmental area,ventral tegmental nucleus of Tsai
ventral tegmental area,ventral tegmental area of Tsai
ventral tegmental area,Area tegmentalis ventralis
verbal memory,verbal memories
vestibular nuclei,vestibular nucleus
vestibular nuclei,vestibular nuclear complex
vestibular nuclei,Nuclei vestibulares
visual extrastriate,visual extrastriate cortices
visual extrastriate,visual extrastriate cortex
visual memory,visual memories
visuospatial cueing,visuospatial cue
Wernicke-Korsakoff syndrome,Wernicke-Korsakoff
Wernicke's aphasia,Wernicke's aphasic
Wernicke's area,Wernicke's speech area
Wernicke's area,area of Wernicke
Wisconsin card sorting,Wisconsin card sort
working memory,working memories