ventral anterior nucleus,ventroanterior thalamic nucleus
ventral anterior nucleus,ventroanterior thalamic nuclei
ventral anterior nucleus,ventral anterior thalamic nucleus
ventral anterior nucleus,ventral anterior thalamic nuclei
ventral anterior nucleus,ventral anterior nuclei
ventral anterior nucleus,Nucleus ventralis thalami anterior
ventral anterior nucleus,Nucleus ventralis anterior thalami
ventral anterior nucleus,Nucleus ventralis anterior
ventral anterior nucleus,Nucleus lateropolaris
ventral posterior nucleus,ventrobasal nucleus
ventral posterior nucleus,ventrobasal nuclei
ventral posterior nucleus,ventrobasal complex
ventral posterior nucleus,ventral posterior thalamic nucleus
ventral posterior nucleus,ventral posterior thalamic nuclei
ventral posterior nucleus,ventral posterior nuclei
ventral posterior nucleus,Nucleus ventralis posterior
ventral posterior nucleus,Nuclei ventrales posteriores
ventral posterolateral nucleus,ventral posterolateral thalamic nucleus
ventral posterolateral nucleus,ventral posterolateral thalamic nuclei
ventral posterolateral nucleus,ventral posterolateral nucleus of thalamus
ventral posterolateral nucleus,ventral posterolateral nuclei
ventral posterolateral nucleus,posterolateral ventral nucleus of thalamus
ventral posterolateral nucleus,Nucleus ventralis thalami posterior lateralis
ventral posterolateral nucleus,Nucleus ventralis posterolateralis thalami
ventral posterolateral nucleus,Nucleus ventralis posterolateralis
ventral posterolateral nucleus,Nucleus ventralis posterior lateralis thalami
ventral posteromedial nucleus,ventral posteromedial nucleus of thalamus
ventral posteromedial nucleus,ventral posteromedial nuclei
ventral posteromedial nucleus,ventral posterior medial nucleus
ventral posteromedial nucleus,ventral posterior medial nuclei
ventral posteromedial nucleus,thalamic gustatory nucleus
ventral posteromedial nucleus,semilunar nucleus
ventral posteromedial nucleus,posteromedial ventral nucleus of thalamus
ventral posteromedial nucleus,Nucleus ventrocaudalis anterior internus
ventral posteromedial nucleus,Nucleus ventralis posteromedialis thalami
ventral posteromedial nucleus,Nucleus ventralis posteromedialis
ventral posteromedial nucleus,Nucleus ventralis posterior medialis thalami
ventral posteromedial nucleus,Nucleus semilunaris thalami
ventral posteromedial nucleus,Nucleus arcuatus thalami
ventral posteromedial nucleus,arcuate nucleus of thalamus
ventral tegmental area,ventral tegmental nucleus of Tsai
ventral tegmental area,ventral tegmental area of Tsai
ventral tegmental area,Area tegmentalis ventralis
verbal memory,verbal memories
vestibular nuclei,vestibular nucleus
vestibular nuclei,vestibular nuclear complex
vestibular nuclei,Nuclei vestibulares
visual extrastriate,visual extrastriate cortices
visual extrastriate,visual extrastriate cortex
visual memory,visual memories
visuospatial cueing,visuospatial cue
Wernicke-Korsakoff syndrome,Wernicke-Korsakoff
Wernicke's aphasia,Wernicke's aphasic
Wernicke's area,Wernicke's speech area
Wernicke's area,area of Wernicke
Wisconsin card sorting,Wisconsin card sort
working memory,working memories